<?xml version="1.0" encoding="UTF-8"?>
<addon id="plugin.video.tvhram"
version="1.0"
name="Srpski TV za Acinu Mamu"
provider-name="ACO">
<requires>
  <import addon="xbmc.python" version="2.25.0"/>
</requires>
<extension point="xbmc.python.pluginsource" library="main.py">
  <provides>video</provides>
</extension>
<extension point="xbmc.addon.metadata">
  <summary lang="en">Srpski TV za Acinu Mamu</summary>
  <description lang="en_GB">Srpski TV za Acinu Mamu</description>
  <disclaimer lang="en_GB">Srpski TV za Acinu Mamu</disclaimer>
  <assets>
    <icon>icon.png</icon>
    <fanart>fanart.jpg</fanart>
    <screenshot>resources\screenshot-01.jpg</screenshot>
    <screenshot>resources\screenshot-02.jpg</screenshot>
    <screenshot>resources\screenshot-03.jpg</screenshot>    
  </assets>
  <news>Updated with latest artwork metadata</news>
</extension>
</addon>
